<?xml version="1.0" encoding="UTF-8"?>
<config xmlns="http://www.knime.org/2008/09/XMLConfig" xmlns:xsi="http://www.w3.org/2001/XMLSchema-instance" xsi:schemaLocation="http://www.knime.org/2008/09/XMLConfig http://www.knime.org/XMLConfig_2008_09.xsd" key="model.xml">
<entry key="version" type="xint" value="1"/>
<entry key="class_name" type="xstring" value="org.knime.base.data.normalize.NormalizerPortObject"/>
<config key="model">
<config key="columns">
<config key="age">
<entry key="column_name" type="xstring" value="age"/>
<entry key="column_scale" type="xdouble" value="0.08317205875500247"/>
<entry key="column_translate" type="xdouble" value="-3.4019201816088613"/>
<entry key="column_min" type="xdouble" value="NaN"/>
<entry key="column_max" type="xdouble" value="NaN"/>
</config>
<config key="duration">
<entry key="column_name" type="xstring" value="duration"/>
<entry key="column_scale" type="xdouble" value="7.01356650183474E-4"/>
<entry key="column_translate" type="xdouble" value="-0.8032967352176874"/>
<entry key="column_min" type="xdouble" value="NaN"/>
<entry key="column_max" type="xdouble" value="NaN"/>
</config>
<config key="campaign">
<entry key="column_name" type="xstring" value="campaign"/>
<entry key="column_scale" type="xdouble" value="0.13839019138488692"/>
<entry key="column_translate" type="xdouble" value="-0.5363035086738471"/>
<entry key="column_min" type="xdouble" value="NaN"/>
<entry key="column_max" type="xdouble" value="NaN"/>
</config>
<config key="pdays">
<entry key="column_name" type="xstring" value="pdays"/>
<entry key="column_scale" type="xdouble" value="0.003072022362200755"/>
<entry key="column_translate" type="xdouble" value="-2.383152989307573"/>
<entry key="column_min" type="xdouble" value="NaN"/>
<entry key="column_max" type="xdouble" value="NaN"/>
</config>
<config key="previous">
<entry key="column_name" type="xstring" value="previous"/>
<entry key="column_scale" type="xdouble" value="0.5212502811377541"/>
<entry key="column_translate" type="xdouble" value="-0.6850792444993472"/>
<entry key="column_min" type="xdouble" value="NaN"/>
<entry key="column_max" type="xdouble" value="NaN"/>
</config>
</config>
<entry key="summary" type="xstring" value="Z-Score (Gaussian) normalization on 5 column(s)"/>
</config>
</config>
